{"version": 2, "width": 128, "height": 32, "timestamp": 1643041769, "env": {"SHELL": "/bin/zsh", "TERM": "xterm-kitty"}}
[0.180196, "o", "\u001b[1m\u001b[7m%\u001b[27m\u001b[1m\u001b[0m                                                                                                                               \r \r"]
[0.181108, "o", "\u001b]2;angelsl@slarch: ~\u0007\u001b]1;~\u0007"]
[0.196375, "o", "\r\u001b[0m\u001b[27m\u001b[24m\u001b[J\u001b[1;36m~\u001b[0m \u001b[1;32m$\u001b[0m \u001b[K\u001b[?1h"]
[0.196486, "o", "\u001b[?2004h"]
[0.638967, "o", "H"]
[0.796933, "o", "\bHe"]
[0.85495, "o", "l"]
[0.940962, "o", "l"]
[1.099795, "o", "o"]
[1.157016, "o", " "]
[1.229169, "o", "w"]
[1.545716, "o", "o"]
[1.617641, "o", "r"]
[1.714949, "o", "l"]
[1.757613, "o", "d"]
[1.945201, "o", "!"]
[2.54985, "o", "\u001b[12D"]
[2.636693, "o", "eHello world!\u001b[12D"]
[2.751701, "o", "\becHello world!\u001b[12D"]
[2.906013, "o", "hHello world!\u001b[12D"]
[2.992744, "o", "oHello world!\u001b[12D"]
[3.065061, "o", " Hello world!\u001b[12D"]
[3.222958, "o", "\u001b[?1l"]
[3.222992, "o", "\u001b[?2004l\r\r\n"]
[3.223732, "o", "\u001b]2;echo Hello world!\u0007\u001b]1;echo\u0007"]
[3.223824, "o", "Hello world!\r\n"]
[3.223867, "o", "\u001b[1m\u001b[7m%\u001b[27m\u001b[1m\u001b[0m                                                                                                                               \r \r"]
[3.223916, "o", "\u001b]2;angelsl@slarch: ~\u0007"]
[3.223953, "o", "\u001b]1;~\u0007"]
[3.240054, "o", "\r\u001b[0m\u001b[27m\u001b[24m\u001b[J\u001b[1;36m~\u001b[0m \u001b[1;32m$\u001b[0m \u001b[K"]
[3.240163, "o", "\u001b[?1h\u001b[?2004h"]
[3.769838, "o", "\u001b[?2004l\r\r\n"]
